{
  "components": [
    {
      "id": "357:1394",
      "name": "Desktop",
      "type": "FRAME",
      "children": [
        {
          "id": "357:1395",
          "name": "Desktop 2",
          "type": "FRAME",
          "children": [
            {
              "id": "357:1428",
              "name": "Shop Now",
              "type": "TEXT",
              "interactions": [
                {
                  "trigger": {
                    "type": "ON_CLICK"
                  },
                  "actions": [
                    {
                      "type": "NODE",
                      "destinationId": "357:1495",
                      "navigation": "NAVIGATE",
                      "transition": null,
                      "resetVideoPosition": false
                    }
                  ]
                }
              ]
            },
            {
              "id": "357:1433",
              "name": "Group 125",
              "type": "GROUP",
              "children": [
                {
                  "id": "357:1445",
                  "name": "Rectangle 135",
                  "type": "RECTANGLE",
                  "interactions": [
                    {
                      "trigger": {
                        "type": "ON_HOVER"
                      },
                      "actions": [
                        {
                          "type": "NODE",
                          "destinationId": "357:1495",
                          "navigation": "NAVIGATE",
                          "transition": null,
                          "resetVideoPosition": false
                        }
                      ]
                    }
                  ]
                }
              ]
            }
          ]
        }
      ]
    },
    {
      "id": "357:1495",
      "name": "Desktop",
      "type": "FRAME",
      "children": [
        {
          "id": "357:1496",
          "name": "Desktop 2",
          "type": "FRAME",
          "children": [
            {
              "id": "357:1498",
              "name": "Shopper.",
              "type": "TEXT",
              "interactions": [
                {
                  "trigger": {
                    "type": "ON_CLICK"
                  },
                  "actions": [
                    {
                      "type": "NODE",
                      "destinationId": "357:1394",
                      "navigation": "NAVIGATE",
                      "transition": null,
                      "resetVideoPosition": false
                    }
                  ]
                }
              ]
            },
            {
              "id": "357:1535",
              "name": "Group 125",
              "type": "GROUP",
              "children": [
                {
                  "id": "357:1539",
                  "name": "Rectangle 135",
                  "type": "RECTANGLE",
                  "interactions": [
                    {
                      "trigger": {
                        "type": "ON_CLICK"
                      },
                      "actions": [
                        {
                          "type": "NODE",
                          "destinationId": "357:1394",
                          "navigation": "NAVIGATE",
                          "transition": {
                            "type": "SMART_ANIMATE",
                            "easing": {
                              "type": "EASE_OUT"
                            },
                            "duration": 0.30000001192092896
                          }
                        }
                      ]
                    }
                  ]
                }
              ]
            }
          ]
        }
      ]
    }
  ],
  "count": 4
}